Workbook

Sheet Data_Audit
A1: A | B1: B
A2: Data Quality Check | B2: Result
A3: Total Records | B3: 1000
A4: Duplicate Station IDs | B4: 0
A5: Unknown Cities | B5: 578
A6: Unknown States | B6: 6
A7: Unknown Operators | B7: 975
A8: Latitude/Longitude | B8: Available
A9: Status Categories | B9: 5

Sheet Pivot_Table
A2: Row Labels | B2: Sum of charging_points
A3: Kerala | B3: 1135
A4: Odisha | B4: 1041
A5: Tamil Nadu | B5: 52
A6: Uttar Pradesh | B6: 25
A7: Rajasthan | B7: 23
A8: Uttarakhand | B8: 15
A9: Telangana | B9: 13
A10: Gujarat | B10: 12
A11: Madhya Pradesh | B11: 12
A12: Unknown | B12: 11
A13: Maharashtra | B13: 8
A14: Karnataka | B14: 7
... A21: Grand Total | B21: 2364

Sheet Charging_Stations
A1: station_id | B1: station_name | C1: city | D1: state | E1: country | F1: latitude | G1: longitude | H1: charging_points | I1: status | J1: operator | K1: Operational_Flag | L1: Active_Charging_Points | M1: Clean_State
A2: 479330 | B2: Electric Vehicle Charging Station | C2: Unknown | D2: Odisha | E2: India | F2: 21.016109 | G2: 81.7029 | H2: 600 | I2: Operational | J2: Unknown | K2: =IF(tbl_ChargingStation[[#This Row],[status]]="Operational",1,0) -> 1 | L2: =H2*K2 -> 600 | M2: =IF(D2="GJ","Gujarat",IF(OR(D2="Keral",D2="Keraka",D2="Lerala"),"Kerala",IF(D2="MH","Maharashtra",IF(D2="MP","Madhya Pradesh",IF(D2="RJ","Rajasthan",IF(D2="TAMILNADU","Tamil Nadu",IF(D2="Uttarakhnad","Uttarakhand",D2))))))) -> Odisha
A3: 479230 | B3: Electric Vehicle Charging Station | C3: Unknown | D3: Odisha | E3: India | F3: 20.088792 | G3: 82.362105 | H3: 11 | I3: Operational | J3: Unknown | K3: =IF(tbl_ChargingStation[[#This Row],[status]]="Operational",1,0) -> 1 | L3: =H3*K3 -> 11 | M3: =IF(D3="GJ","Gujarat",IF(OR(D3="Keral",D3="Keraka",D3="Lerala"),"Kerala",IF(D3="MH","Maharashtra",IF(D3="MP","Madhya Pradesh",IF(D3="RJ","Rajasthan",IF(D3="TAMILNADU","Tamil Nadu",IF(D3="Uttarakhnad","Uttarakhand",D3))))))) -> Odisha
A4: 479140 | B4: Electric Vehicle Charging Station | C4: Unknown | D4: Odisha | E4: India | F4: 20.088792 | G4: 82.362105 | H4: 11 | I4: Operational | J4: Unknown | K4: =IF(tbl_ChargingStation[[#This Row],[status]]="Operational",1,0) -> 1 | L4: =H4*K4 -> 11 | M4: =IF(D4="GJ","Gujarat",IF(OR(D4="Keral",D4="Keraka",D4="Lerala"),"Kerala",IF(D4="MH","Maharashtra",IF(D4="MP","Madhya Pradesh",IF(D4="RJ","Rajasthan",IF(D4="TAMILNADU","Tamil Nadu",IF(D4="Uttarakhnad","Uttarakhand",D4))))))) -> Odisha
A5: 313915 | B5: Lulu International Mall EVCS - GO EC | C5: Thiruvananthapuram | D5: Kerala | E5: India | F5: 8.5152629 | G5: 76.898158 | H5: 11 | I5: Operational | J5: GO EC (IN) | K5: =IF(tbl_ChargingStation[[#This Row],[status]]="Operational",1,0) -> 1 | L5: =H5*K5 -> 11 | M5: =IF(D5="GJ","Gujarat",IF(OR(D5="Keral",D5="Keraka",D5="Lerala"),"Kerala",IF(D5="MH","Maharashtra",IF(D5="MP","Madhya Pradesh",IF(D5="RJ","Rajasthan",IF(D5="TAMILNADU","Tamil Nadu",IF(D5="Uttarakhnad","Uttarakhand",D5))))))) -> Kerala
A6: 313702 | B6: Kulappully KSEB EVCS - ChargeMOD | C6: Kulappully | D6: Kerala | E6: India | F6: 10.779746 | G6: 76.285281 | H6: 9 | I6: Operational | J6: ChargeMod (IN) | K6: =IF(tbl_ChargingStation[[#This Row],[status]]="Operational",1,0) -> 1 | L6: =H6*K6 -> 9 | M6: =IF(D6="GJ","Gujarat",IF(OR(D6="Keral",D6="Keraka",D6="Lerala"),"Kerala",IF(D6="MH","Maharashtra",IF(D6="MP","Madhya Pradesh",IF(D6="RJ","Rajasthan",IF(D6="TAMILNADU","Tamil Nadu",IF(D6="Uttarakhnad","Uttarakhand",D6))))))) -> Kerala
A7: 479257 | B7: Kazam Charging Station | C7: Unknown | D7: Odisha | E7: India | F7: 20.253022 | G7: 85.68697 | H7: 7 | I7: Operational | J7: Unknown | K7: =IF(tbl_ChargingStation[[#This Row],[status]]="Operational",1,0) -> 1 | L7: =H7*K7 -> 7 | M7: =IF(D7="GJ","Gujarat",IF(OR(D7="Keral",D7="Keraka",D7="Lerala"),"Kerala",IF(D7="MH","Maharashtra",IF(D7="MP","Madhya Pradesh",IF(D7="RJ","Rajasthan",IF(D7="TAMILNADU","Tamil Nadu",IF(D7="Uttarakhnad","Uttarakhand",D7))))))) -> Odisha
A8: 475660 | B8: Bundelkhand Expressway 188 Km Rest Area | C8: Unknown | D8: Uttar Pradesh | E8: India | F8: 26.336942 | G8: 79.370073 | H8: 7 | I8: Operational | J8: Adani Gas-EV (TR) | K8: =IF(tbl_ChargingStation[[#This Row],[status]]="Operational",1,0) -> 1 | L8: =H8*K8 -> 7 | M8: =IF(D8="GJ","Gujarat",IF(OR(D8="Keral",D8="Keraka",D8="Lerala"),"Kerala",IF(D8="MH","Maharashtra",IF(D8="MP","Madhya Pradesh",IF(D8="RJ","Rajasthan",IF(D8="TAMILNADU","Tamil Nadu",IF(D8="Uttarakhnad","Uttarakhand",D8))))))) -> Uttar Pradesh
A9: 313861 | B9: Daffodils EVCS - GO EC | C9: Edapally | D9: Kerala | E9: India | F9: 10.032115 | G9: 76.32296 | H9: 7 | I9: Operational | J9: GO EC (IN) | K9: =IF(tbl_ChargingStation[[#This Row],[status]]="Operational",1,0) -> 1 | L9: =H9*K9 -> 7 | M9: =IF(D9="GJ","Gujarat",IF(OR(D9="Keral",D9="Keraka",D9="Lerala"),"Kerala",IF(D9="MH","Maharashtra",IF(D9="MP","Madhya Pradesh",IF(D9="RJ","Rajasthan",IF(D9="TAMILNADU","Tamil Nadu",IF(D9="Uttarakhnad","Uttarakhand",D9))))))) -> Kerala
A10: 313754 | B10: Kanhangad KSEB EVCS - ChangeMOD | C10: Kanhangad | D10: Kerala | E10: India | F10: 12.342505 | G10: 75.112664 | H10: 7 | I10: Operational | J10: ChargeMod (IN) | K10: =IF(tbl_ChargingStation[[#This Row],[status]]="Operational",1,0) -> 1 | L10: =H10*K10 -> 7 | M10: =IF(D10="GJ","Gujarat",IF(OR(D10="Keral",D10="Keraka",D10="Lerala"),"Kerala",IF(D10="MH","Maharashtra",IF(D10="MP","Madhya Pradesh",IF(D10="RJ","Rajasthan",IF(D10="TAMILNADU","Tamil Nadu",IF(D10="Uttarakhnad","Uttarakhand",D10))))))) -> Kerala
A11: 313574 | B11: Quick Charge EVCS - ChargeMOD | C11: Karuvatta | D11: Kerala | E11: India | F11: 9.31575 | G11: 76.401221 | H11: 7 | I11: Operational | J11: ChargeMod (IN) | K11: =IF(tbl_ChargingStation[[#This Row],[status]]="Operational",1,0) -> 1 | L11: =H11*K11 -> 7 | M11: =IF(D11="GJ","Gujarat",IF(OR(D11="Keral",D11="Keraka",D11="Lerala"),"Kerala",IF(D11="MH","Maharashtra",IF(D11="MP","Madhya Pradesh",IF(D11="RJ","Rajasthan",IF(D11="TAMILNADU","Tamil Nadu",IF(D11="Uttarakhnad","Uttarakhand",D11))))))) -> Kerala
A12: 475659 | B12: Bundelkhand Expressway Chitrakoot Toll | C12: Unknown | D12: Uttar Pradesh | E12: India | F12: 25.252445 | G12: 80.743644 | H12: 6 | I12: Operational | J12: Adani Gas-EV (TR) | K12: =IF(tbl_ChargingStation[[#This Row],[status]]="Operational",1,0) -> 1 | L12: =H12*K12 -> 6 | M12: =IF(D12="GJ","Gujarat",IF(OR(D12="Keral",D12="Keraka",D12="Lerala"),"Kerala",IF(D12="MH","Maharashtra",IF(D12="MP","Madhya Pradesh",IF(D12="RJ","Rajasthan",IF(D12="TAMILNADU","Tamil Nadu",IF(D12="Uttarakhnad","Uttarakhand",D12))))))) -> Uttar Pradesh
A13: 475512 | B13: NH44 | C13: Unknown | D13: Telangana | E13: India | F13: 15.886334 | G13: 78.016366 | H13: 6 | I13: Operational | J13: Chargezone (India) | K13: =IF(tbl_ChargingStation[[#This Row],[status]]="Operational",1,0) -> 1 | L13: =H13*K13 -> 6 | M13: =IF(D13="GJ","Gujarat",IF(OR(D13="Keral",D13="Keraka",D13="Lerala"),"Kerala",IF(D13="MH","Maharashtra",IF(D13="MP","Madhya Pradesh",IF(D13="RJ","Rajasthan",IF(D13="TAMILNADU","Tamil Nadu",IF(D13="Uttarakhnad","Uttarakhand",D13))))))) -> Telangana
... A1001: 313438 | B1001: Hotel Aida | C1001: Kottayam | D1001: Kerala | E1001: India | F1001: 9.5828805 | G1001: 76.521686 | H1001: 1 | I1001: Operational | J1001: Zeon Charging | K1001: =IF(tbl_ChargingStation[[#This Row],[status]]="Operational",1,0) -> 1 | L1001: =H1001*K1001 -> 1 | M1001: =IF(D1001="GJ","Gujarat",IF(OR(D1001="Keral",D1001="Keraka",D1001="Lerala"),"Kerala",IF(D1001="MH","Maharashtra",IF(D1001="MP","Madhya Pradesh",IF(D1001="RJ","Rajasthan",IF(D1001="TAMILNADU","Tamil Nadu",IF(D1001="Uttarakhnad","Uttarakhand",D1001))))))) -> Kerala

Sheet Charging_Stations_Raw(2)
A1: station_id | B1: station_name | C1: city | D1: state | E1: country | F1: latitude | G1: longitude | H1: charging_points | I1: status | J1: operator
A2: 479727 | B2: Nikol EV Charging station | C2: Pune | D2: Unknown | E2: India | F2: 18.717182 | G2: 74.182921 | H2: 1 | I2: Operational | J2: Unknown
A3: 479445 | B3: Blaze Fast Charger For 2 Ev Wheeler | C3: Lb Nagar | D3: Telangana | E3: India | F3: 17.340476 | G3: 78.545395 | H3: 1 | I3: Operational | J3: Bolt.Earth (IN)
A4: 479438 | B4: Tata Power Charging Station | C4: Unknown | D4: Odisha | E4: India | F4: 22.286961 | G4: 86.790983 | H4: 1 | I4: Operational | J4: Unknown
A5: 479437 | B5: Hindustan Petroleum Corporation Limited Charging Station | C5: Unknown | D5: Odisha | E5: India | F5: 22.449744 | G5: 86.594944 | H5: 2 | I5: Operational | J5: Unknown
A6: 479436 | B6: Hindustan Petroleum Corporation Limited | C6: Unknown | D6: Odisha | E6: India | F6: 22.449858 | G6: 86.595041 | H6: 1 | I6: Operational | J6: Unknown
A7: 479435 | B7: Jio-bp | C7: Unknown | D7: Odisha | E7: India | F7: 22.14025 | G7: 85.71265 | H7: 1 | I7: Operational | J7: Unknown
A8: 479434 | B8: Jio-bp | C8: Unknown | D8: Odisha | E8: India | F8: 22.00154 | G8: 85.32798 | H8: 1 | I8: Operational | J8: Unknown
A9: 479433 | B9: Ather Grid Charging Station | C9: Unknown | D9: Odisha | E9: India | F9: 22.243666 | G9: 84.827354 | H9: 3 | I9: Operational | J9: Unknown
A10: 479432 | B10: Ather Grid Charging Station | C10: Unknown | D10: Odisha | E10: India | F10: 22.23666 | G10: 84.77015 | H10: 1 | I10: Operational | J10: Unknown
A11: 479431 | B11: Ather Grid Charging Station | C11: Unknown | D11: Odisha | E11: India | F11: 22.226705 | G11: 84.864116 | H11: 1 | I11: Operational | J11: Unknown
A12: 479430 | B12: Tata Power Charging Station | C12: Unknown | D12: Odisha | E12: India | F12: 22.22681 | G12: 84.796036 | H12: 1 | I12: Operational | J12: Unknown
A13: 479429 | B13: Ather Charging Station | C13: Unknown | D13: Odisha | E13: India | F13: 22.227812 | G13: 84.818387 | H13: 2 | I13: Operational | J13: Unknown
... A1001: 313438 | B1001: Hotel Aida | C1001: Kottayam | D1001: Kerala | E1001: India | F1001: 9.5828805 | G1001: 76.521686 | H1001: 1 | I1001: Operational | J1001: Zeon Charging

Sheet Analysis
A1: Metric | B1: Value
A2: Total Charging Stations | B2: =COUNTA(Charging_Stations!A2:A1001) -> 1000
A3: Total Charging Points | B3: =SUM(Charging_Stations!H2:H1001) -> 2364
A4: Active Charging Points | B4: =SUM(Charging_Stations!L2:L1001) -> 2320
A5: Operational Stations | B5: =SUM(Charging_Stations!K2:K1001) -> 969
A6: Operational Rate(%) | B6: =B5/B2 -> 0.969
A7: Status Distribution
A8: Status | B8: Status Count | C8: Total Charging Points
A9: Operational | B9: =COUNTIF(Charging_Stations!I2:I1001,"Operational") -> 969 | C9: {=SUMPRODUCT((TRIM(SUBSTITUTE(Charging_Stations!I2:I1001,CHAR(160)," "))=A9)*Charging_Stations!H2:H1001)} -> 2320
A10: Not Operational | B10: =COUNTIF(Charging_Stations!I2:I1001,"Not Operational") -> 15 | C10: =SUMIF(Charging_Stations!I2:I1001,A10,Charging_Stations!H2:H1001) -> 16
A11: Partly Operational(Mixed) | B11: =COUNTIF(Charging_Stations!I2:I1001,"Partly Operational (Mixed)") -> 1 | C11: 1
A12: Planned For Future Date | B12: =COUNTIF(Charging_Stations!I2:I1001,"Planned For Future Date") -> 5 | C12: =SUMIF(Charging_Stations!I2:I1001,A12,Charging_Stations!H2:H1001) -> 10
A13: Temporarily Unavailable | B13: =COUNTIF(Charging_Stations!I2:I1001,"Temporarily Unavailable") -> 10 | C13: =SUMIF(Charging_Stations!I2:I1001,"Temporarily Unavailable",Charging_Stations!H2:H1001) -> 17
A14: Total | B14: =SUM(B9:B13) -> 1000 | C14: =SUM(C9:C13) -> 2364 | E14: =SUM(Charging_Stations!H2:H1001) -> 2364
E15: =COUNTIF(Charging_Stations!I2:I1001,"*") -> 1000
A16: Operational Charging Point Rate (%) | B16: =B4/B3 -> 0.98138748 | E16: =SUM(Charging_Stations!H2:H1001)-SUM(C9:C13) -> 0
A17: Non-Operational Charging Points | B17: =B3-B4 -> 44 | E17: {=SUMPRODUCT(Charging_Stations!H2:H1001)-SUMPRODUCT((TRIM(CLEAN(SUBSTITUTE(Charging_Stations!I2:I1001,CHAR(160)," ")))="Operational")*Charging_Stations!H2:H1001)-SUMPRODUCT((TRIM(CLEAN(SUBSTITUTE(Charging_Stations!I2:I1001,CHAR(160)," ")))="Not Operational")*Charging_Stations!H2:H1001)-SUMPRODUCT((TRIM(CLEAN(SUBSTITUTE(Charging_Stations!I2:I1001,CHAR(160)," ")))="Partly Operational (Mixed)")*Charging_Stations!H2:H1001)-SUMPRODUCT((TRIM(CLEAN(SUBSTITUTE(Charging_Stations!I2:I1001,CHAR(160)," ")))="Planned For Future Date")*Charging_Stations!H2:H1001)-SUMPRODUCT((TRIM(CLEAN(SUBSTITUTE(Charging_Stations!I2:I1001,CHAR(160)," ")))="Temporarily Unavailable")*Charging_Stations!H2:H1001)} -> 0
A18: Average Charging Points per Station | B18: =B3/B2 -> 2.364
A19: Maximum Charging Points at One Station | B19: =MAX(Charging_Stations!H2:H1001) -> 600
A20: Median Charging Points per Station | B20: =MEDIAN(Charging_Stations!H2:H1001) -> 1
A21: Minimum Charging Points per Station | B21: =MIN(Charging_Stations!H2:H1001) -> 1
A22: Standard Deviation of Charging Points | B22: =_xlfn.STDEV.S(Charging_Stations!H2:H1001) -> 18.963415
A24: State-wise EV Charging Infrastructure Analysis
A25: Kerala and Odisha have the highest number of charging points in the dataset.
A26: Most other states have substantially fewer charging points, showing an uneven distribution of charging infrastructure.
A27: This analysis is based on the 1,000 charging stations in the project dataset.
